--
-- PostgreSQL database dump
--

-- Dumped from database version 12.22 (Ubuntu 12.22-0ubuntu0.20.04.4)
-- Dumped by pg_dump version 12.22 (Ubuntu 12.22-0ubuntu0.20.04.4)

SET statement_timeout = 0;
SET lock_timeout = 0;
SET idle_in_transaction_session_timeout = 0;
SET client_encoding = 'UTF8';
SET standard_conforming_strings = on;
SELECT pg_catalog.set_config('search_path', '', false);
SET check_function_bodies = false;
SET xmloption = content;
SET client_min_messages = warning;
SET row_security = off;

DROP DATABASE universe;
--
-- Name: universe; Type: DATABASE; Schema: -; Owner: freecodecamp
--

CREATE DATABASE universe WITH TEMPLATE = template0 ENCODING = 'UTF8' LC_COLLATE = 'C.UTF-8' LC_CTYPE = 'C.UTF-8';


ALTER DATABASE universe OWNER TO freecodecamp;

\connect universe

SET statement_timeout = 0;
SET lock_timeout = 0;
SET idle_in_transaction_session_timeout = 0;
SET client_encoding = 'UTF8';
SET standard_conforming_strings = on;
SELECT pg_catalog.set_config('search_path', '', false);
SET check_function_bodies = false;
SET xmloption = content;
SET client_min_messages = warning;
SET row_security = off;

SET default_tablespace = '';

SET default_table_access_method = heap;

--
-- Name: galaxy; Type: TABLE; Schema: public; Owner: freecodecamp
--

CREATE TABLE public.galaxy (
    galaxy_id integer NOT NULL,
    name character varying(30) NOT NULL,
    galaxy_type text,
    color text,
    notes text
);


ALTER TABLE public.galaxy OWNER TO freecodecamp;

--
-- Name: galaxy_galaxy_id_seq; Type: SEQUENCE; Schema: public; Owner: freecodecamp
--

CREATE SEQUENCE public.galaxy_galaxy_id_seq
    AS integer
    START WITH 1
    INCREMENT BY 1
    NO MINVALUE
    NO MAXVALUE
    CACHE 1;


ALTER TABLE public.galaxy_galaxy_id_seq OWNER TO freecodecamp;

--
-- Name: galaxy_galaxy_id_seq; Type: SEQUENCE OWNED BY; Schema: public; Owner: freecodecamp
--

ALTER SEQUENCE public.galaxy_galaxy_id_seq OWNED BY public.galaxy.galaxy_id;


--
-- Name: moon; Type: TABLE; Schema: public; Owner: freecodecamp
--

CREATE TABLE public.moon (
    moon_id integer NOT NULL,
    name character varying(30) NOT NULL,
    planet_id integer,
    radius integer,
    notes text
);


ALTER TABLE public.moon OWNER TO freecodecamp;

--
-- Name: moon_moon_id_seq; Type: SEQUENCE; Schema: public; Owner: freecodecamp
--

CREATE SEQUENCE public.moon_moon_id_seq
    AS integer
    START WITH 1
    INCREMENT BY 1
    NO MINVALUE
    NO MAXVALUE
    CACHE 1;


ALTER TABLE public.moon_moon_id_seq OWNER TO freecodecamp;

--
-- Name: moon_moon_id_seq; Type: SEQUENCE OWNED BY; Schema: public; Owner: freecodecamp
--

ALTER SEQUENCE public.moon_moon_id_seq OWNED BY public.moon.moon_id;


--
-- Name: planet; Type: TABLE; Schema: public; Owner: freecodecamp
--

CREATE TABLE public.planet (
    planet_id integer NOT NULL,
    name character varying(30) NOT NULL,
    has_life boolean,
    has_water boolean,
    star_id integer,
    distance_from_earth numeric(10,2)
);


ALTER TABLE public.planet OWNER TO freecodecamp;

--
-- Name: planet_planet_id_seq; Type: SEQUENCE; Schema: public; Owner: freecodecamp
--

CREATE SEQUENCE public.planet_planet_id_seq
    AS integer
    START WITH 1
    INCREMENT BY 1
    NO MINVALUE
    NO MAXVALUE
    CACHE 1;


ALTER TABLE public.planet_planet_id_seq OWNER TO freecodecamp;

--
-- Name: planet_planet_id_seq; Type: SEQUENCE OWNED BY; Schema: public; Owner: freecodecamp
--

ALTER SEQUENCE public.planet_planet_id_seq OWNED BY public.planet.planet_id;


--
-- Name: spaceship; Type: TABLE; Schema: public; Owner: freecodecamp
--

CREATE TABLE public.spaceship (
    spaceship_id integer NOT NULL,
    name character varying(30),
    age integer NOT NULL
);


ALTER TABLE public.spaceship OWNER TO freecodecamp;

--
-- Name: spaceship_spaceship_id_seq; Type: SEQUENCE; Schema: public; Owner: freecodecamp
--

CREATE SEQUENCE public.spaceship_spaceship_id_seq
    AS integer
    START WITH 1
    INCREMENT BY 1
    NO MINVALUE
    NO MAXVALUE
    CACHE 1;


ALTER TABLE public.spaceship_spaceship_id_seq OWNER TO freecodecamp;

--
-- Name: spaceship_spaceship_id_seq; Type: SEQUENCE OWNED BY; Schema: public; Owner: freecodecamp
--

ALTER SEQUENCE public.spaceship_spaceship_id_seq OWNED BY public.spaceship.spaceship_id;


--
-- Name: star; Type: TABLE; Schema: public; Owner: freecodecamp
--

CREATE TABLE public.star (
    star_id integer NOT NULL,
    name character varying(30) NOT NULL,
    age_in_million_of_years integer,
    galaxy_id integer,
    notes text
);


ALTER TABLE public.star OWNER TO freecodecamp;

--
-- Name: star_star_id_seq; Type: SEQUENCE; Schema: public; Owner: freecodecamp
--

CREATE SEQUENCE public.star_star_id_seq
    AS integer
    START WITH 1
    INCREMENT BY 1
    NO MINVALUE
    NO MAXVALUE
    CACHE 1;


ALTER TABLE public.star_star_id_seq OWNER TO freecodecamp;

--
-- Name: star_star_id_seq; Type: SEQUENCE OWNED BY; Schema: public; Owner: freecodecamp
--

ALTER SEQUENCE public.star_star_id_seq OWNED BY public.star.star_id;


--
-- Name: galaxy galaxy_id; Type: DEFAULT; Schema: public; Owner: freecodecamp
--

ALTER TABLE ONLY public.galaxy ALTER COLUMN galaxy_id SET DEFAULT nextval('public.galaxy_galaxy_id_seq'::regclass);


--
-- Name: moon moon_id; Type: DEFAULT; Schema: public; Owner: freecodecamp
--

ALTER TABLE ONLY public.moon ALTER COLUMN moon_id SET DEFAULT nextval('public.moon_moon_id_seq'::regclass);


--
-- Name: planet planet_id; Type: DEFAULT; Schema: public; Owner: freecodecamp
--

ALTER TABLE ONLY public.planet ALTER COLUMN planet_id SET DEFAULT nextval('public.planet_planet_id_seq'::regclass);


--
-- Name: spaceship spaceship_id; Type: DEFAULT; Schema: public; Owner: freecodecamp
--

ALTER TABLE ONLY public.spaceship ALTER COLUMN spaceship_id SET DEFAULT nextval('public.spaceship_spaceship_id_seq'::regclass);


--
-- Name: star star_id; Type: DEFAULT; Schema: public; Owner: freecodecamp
--

ALTER TABLE ONLY public.star ALTER COLUMN star_id SET DEFAULT nextval('public.star_star_id_seq'::regclass);


--
-- Data for Name: galaxy; Type: TABLE DATA; Schema: public; Owner: freecodecamp
--

INSERT INTO public.galaxy VALUES (1, 'Milky Way', 'Spiral', 'White', NULL);
INSERT INTO public.galaxy VALUES (2, 'Andromeda', 'Spiral', 'Blue', NULL);
INSERT INTO public.galaxy VALUES (3, 'Triangulum', 'Spiral', 'Blue', NULL);
INSERT INTO public.galaxy VALUES (4, 'Whirlpool', 'Spiral', 'Yellow', NULL);
INSERT INTO public.galaxy VALUES (5, 'Sombrero', 'Elliptical', 'Golden', NULL);
INSERT INTO public.galaxy VALUES (6, 'Large Magellanic Cloud', 'Irregular', 'White', NULL);


--
-- Data for Name: moon; Type: TABLE DATA; Schema: public; Owner: freecodecamp
--

INSERT INTO public.moon VALUES (1, 'Moon', 3, 1737, 'Earth moon');
INSERT INTO public.moon VALUES (2, 'Phobos', 4, 11, 'Mars moon');
INSERT INTO public.moon VALUES (3, 'Deimos', 4, 6, 'Mars moon');
INSERT INTO public.moon VALUES (4, 'Io', 5, 1821, 'Jupiter moon');
INSERT INTO public.moon VALUES (5, 'Europa', 5, 1560, 'Jupiter moon');
INSERT INTO public.moon VALUES (6, 'Ganymede', 5, 2634, 'Largest moon');
INSERT INTO public.moon VALUES (7, 'Callisto', 5, 2410, 'Jupiter moon');
INSERT INTO public.moon VALUES (8, 'Amalthea', 5, 83, 'Small moon');
INSERT INTO public.moon VALUES (9, 'Himalia', 5, 85, 'Jupiter moon');
INSERT INTO public.moon VALUES (10, 'Titan', 6, 2575, 'Saturn moon');
INSERT INTO public.moon VALUES (11, 'Enceladus', 6, 252, 'Ice moon');
INSERT INTO public.moon VALUES (12, 'Mimas', 6, 198, 'Saturn moon');
INSERT INTO public.moon VALUES (13, 'Rhea', 6, 763, 'Saturn moon');
INSERT INTO public.moon VALUES (14, 'Iapetus', 6, 734, 'Saturn moon');
INSERT INTO public.moon VALUES (15, 'Dione', 6, 561, 'Saturn moon');
INSERT INTO public.moon VALUES (16, 'Tethys', 6, 531, 'Saturn moon');
INSERT INTO public.moon VALUES (17, 'Miranda', 7, 236, 'Uranus moon');
INSERT INTO public.moon VALUES (18, 'Ariel', 7, 578, 'Uranus moon');
INSERT INTO public.moon VALUES (19, 'Triton', 8, 1353, 'Neptune moon');
INSERT INTO public.moon VALUES (20, 'Nereid', 8, 170, 'Neptune moon');


--
-- Data for Name: planet; Type: TABLE DATA; Schema: public; Owner: freecodecamp
--

INSERT INTO public.planet VALUES (1, 'Mercury', false, false, 1, 77.00);
INSERT INTO public.planet VALUES (2, 'Venus', false, false, 1, 261.00);
INSERT INTO public.planet VALUES (3, 'Earth', true, true, 1, 0.00);
INSERT INTO public.planet VALUES (4, 'Mars', false, true, 1, 225.00);
INSERT INTO public.planet VALUES (5, 'Jupiter', false, false, 1, 588.00);
INSERT INTO public.planet VALUES (6, 'Saturn', false, false, 1, 1200.00);
INSERT INTO public.planet VALUES (7, 'Uranus', false, false, 1, 2600.00);
INSERT INTO public.planet VALUES (8, 'Neptune', false, false, 1, 4300.00);
INSERT INTO public.planet VALUES (9, 'Proxima b', false, false, 2, 4.00);
INSERT INTO public.planet VALUES (10, 'Proxima c', false, false, 2, 4.00);
INSERT INTO public.planet VALUES (11, 'Sirius Planet', false, false, 3, 8.00);
INSERT INTO public.planet VALUES (12, 'Andromeda Prime', false, true, 4, 2500000.00);


--
-- Data for Name: spaceship; Type: TABLE DATA; Schema: public; Owner: freecodecamp
--

INSERT INTO public.spaceship VALUES (1, 'GSGW', 40);
INSERT INTO public.spaceship VALUES (2, 'BNHA', 4);
INSERT INTO public.spaceship VALUES (3, 'IL', 30);


--
-- Data for Name: star; Type: TABLE DATA; Schema: public; Owner: freecodecamp
--

INSERT INTO public.star VALUES (1, 'Sun', 4600, 1, NULL);
INSERT INTO public.star VALUES (2, 'Proxima Centauri', 4500, 1, NULL);
INSERT INTO public.star VALUES (3, 'Sirius', 300, 1, NULL);
INSERT INTO public.star VALUES (4, 'Alpha Andromedae', 60, 2, NULL);
INSERT INTO public.star VALUES (5, 'M33 Star', 1000, 3, NULL);
INSERT INTO public.star VALUES (6, 'Whirlpool Star A', 500, 4, NULL);


--
-- Name: galaxy_galaxy_id_seq; Type: SEQUENCE SET; Schema: public; Owner: freecodecamp
--

SELECT pg_catalog.setval('public.galaxy_galaxy_id_seq', 6, true);


--
-- Name: moon_moon_id_seq; Type: SEQUENCE SET; Schema: public; Owner: freecodecamp
--

SELECT pg_catalog.setval('public.moon_moon_id_seq', 20, true);


--
-- Name: planet_planet_id_seq; Type: SEQUENCE SET; Schema: public; Owner: freecodecamp
--

SELECT pg_catalog.setval('public.planet_planet_id_seq', 12, true);


--
-- Name: spaceship_spaceship_id_seq; Type: SEQUENCE SET; Schema: public; Owner: freecodecamp
--

SELECT pg_catalog.setval('public.spaceship_spaceship_id_seq', 3, true);


--
-- Name: star_star_id_seq; Type: SEQUENCE SET; Schema: public; Owner: freecodecamp
--

SELECT pg_catalog.setval('public.star_star_id_seq', 6, true);


--
-- Name: galaxy galaxy_name_key; Type: CONSTRAINT; Schema: public; Owner: freecodecamp
--

ALTER TABLE ONLY public.galaxy
    ADD CONSTRAINT galaxy_name_key UNIQUE (name);


--
-- Name: galaxy galaxy_pkey; Type: CONSTRAINT; Schema: public; Owner: freecodecamp
--

ALTER TABLE ONLY public.galaxy
    ADD CONSTRAINT galaxy_pkey PRIMARY KEY (galaxy_id);


--
-- Name: moon moon_name_key; Type: CONSTRAINT; Schema: public; Owner: freecodecamp
--

ALTER TABLE ONLY public.moon
    ADD CONSTRAINT moon_name_key UNIQUE (name);


--
-- Name: moon moon_pkey; Type: CONSTRAINT; Schema: public; Owner: freecodecamp
--

ALTER TABLE ONLY public.moon
    ADD CONSTRAINT moon_pkey PRIMARY KEY (moon_id);


--
-- Name: planet planet_name_key; Type: CONSTRAINT; Schema: public; Owner: freecodecamp
--

ALTER TABLE ONLY public.planet
    ADD CONSTRAINT planet_name_key UNIQUE (name);


--
-- Name: planet planet_pkey; Type: CONSTRAINT; Schema: public; Owner: freecodecamp
--

ALTER TABLE ONLY public.planet
    ADD CONSTRAINT planet_pkey PRIMARY KEY (planet_id);


--
-- Name: spaceship spaceship_name_key; Type: CONSTRAINT; Schema: public; Owner: freecodecamp
--

ALTER TABLE ONLY public.spaceship
    ADD CONSTRAINT spaceship_name_key UNIQUE (name);


--
-- Name: spaceship spaceship_pkey; Type: CONSTRAINT; Schema: public; Owner: freecodecamp
--

ALTER TABLE ONLY public.spaceship
    ADD CONSTRAINT spaceship_pkey PRIMARY KEY (spaceship_id);


--
-- Name: star star_name_key; Type: CONSTRAINT; Schema: public; Owner: freecodecamp
--

ALTER TABLE ONLY public.star
    ADD CONSTRAINT star_name_key UNIQUE (name);


--
-- Name: star star_pkey; Type: CONSTRAINT; Schema: public; Owner: freecodecamp
--

ALTER TABLE ONLY public.star
    ADD CONSTRAINT star_pkey PRIMARY KEY (star_id);


--
-- Name: moon moon_planet_id_fkey; Type: FK CONSTRAINT; Schema: public; Owner: freecodecamp
--

ALTER TABLE ONLY public.moon
    ADD CONSTRAINT moon_planet_id_fkey FOREIGN KEY (planet_id) REFERENCES public.planet(planet_id);


--
-- Name: planet planet_star_id_fkey; Type: FK CONSTRAINT; Schema: public; Owner: freecodecamp
--

ALTER TABLE ONLY public.planet
    ADD CONSTRAINT planet_star_id_fkey FOREIGN KEY (star_id) REFERENCES public.star(star_id);


--
-- Name: star star_galaxy_id_fkey; Type: FK CONSTRAINT; Schema: public; Owner: freecodecamp
--

ALTER TABLE ONLY public.star
    ADD CONSTRAINT star_galaxy_id_fkey FOREIGN KEY (galaxy_id) REFERENCES public.galaxy(galaxy_id);


--
-- PostgreSQL database dump complete
--

